name,meas_fraction,duration_us,S_in,S_out,Delta_S,rate_nats_per_us
Unitary-heavy,0.0,9.9,0.0,0.27516042687915965,0.27516042687915965,0.027793982513046427
Mixed-25%,0.25,11.499999999999998,0.0,0.23036448581916052,0.23036448581916052,0.02003169441905744
Mixed-50%,0.5,14.799999999999999,0.0,0.16355795832170808,0.16355795832170808,0.011051213400115412
Mixed-75%,0.75,16.4,0.0,0.09687705478225489,0.09687705478225489,0.00590713748672286
Measurement-heavy,1.0,20.0,0.0,0.0,0.0,0.0
